Splat Zones,Scorch Gorge
Splat Zones,Eeltail Alley
Splat Zones,Hagglefish Market
Splat Zones,Undertow Spillway
Splat Zones,Mincemeat Metalworks
Splat Zones,Hammerhead Bridge
Splat Zones,Museum D'alfonsino
Splat Zones,Mahi Mahi Resort
Splat Zones,Inkblot Art Academy
Splat Zones,Sturgeon Shipyard
Splat Zones,MakoMart
Splat Zones,Wahoo World
Splat Zones,Flounder Heights
Splat Zones,Brinewater Springs
Splat Zones,Manta Maria
Splat Zones,Um'ami Ruins
Tower Control,Scorch Gorge
Tower Control,Eeltail Alley
Tower Control,Hagglefish Market
Tower Control,Undertow Spillway
Tower Control,Mincemeat Metalworks
Tower Control,Hammerhead Bridge
Tower Control,Museum D'alfonsino
Tower Control,Mahi Mahi Resort
Tower Control,Inkblot Art Academy
Tower Control,Sturgeon Shipyard
Tower Control,MakoMart
Tower Control,Wahoo World
Tower Control,Flounder Heights
Tower Control,Brinewater Springs
Tower Control,Manta Maria
Tower Control,Um'ami Ruins
Rainmaker,Scorch Gorge
Rainmaker,Eeltail Alley
Rainmaker,Hagglefish Market
Rainmaker,Undertow Spillway
Rainmaker,Mincemeat Metalworks
Rainmaker,Hammerhead Bridge
Rainmaker,Museum D'alfonsino
Rainmaker,Mahi Mahi Resort
Rainmaker,Inkblot Art Academy
Rainmaker,Sturgeon Shipyard
Rainmaker,MakoMart
Rainmaker,Wahoo World
Rainmaker,Flounder Heights
Rainmaker,Brinewater Springs
Rainmaker,Manta Maria
Rainmaker,Um'ami Ruins
Clam Blitz,Scorch Gorge
Clam Blitz,Eeltail Alley
Clam Blitz,Hagglefish Market
Clam Blitz,Undertow Spillway
Clam Blitz,Mincemeat Metalworks
Clam Blitz,Hammerhead Bridge
Clam Blitz,Museum D'alfonsino
Clam Blitz,Mahi Mahi Resort
Clam Blitz,Inkblot Art Academy
Clam Blitz,Sturgeon Shipyard
Clam Blitz,MakoMart
Clam Blitz,Wahoo World
Clam Blitz,Flounder Heights
Clam Blitz,Brinewater Springs
Clam Blitz,Manta Maria
Clam Blitz,Um'ami Ruins
